{"stats":{"minecraft:custom":{"minecraft:interact_with_crafting_table":253,"minecraft:open_barrel":701,"minecraft:bell_ring":10,"minecraft:leave_game":43,"minecraft:time_since_death":82813,"minecraft:damage_blocked_by_shield":850,"minecraft:play_time":2512101,"minecraft:deaths":4,"minecraft:jump":28182,"minecraft:enchant_item":11,"minecraft:interact_with_furnace":85,"minecraft:sleep_in_bed":22,"minecraft:damage_dealt":102254,"minecraft:interact_with_smoker":41,"minecraft:use_cauldron":4,"minecraft:inspect_dispenser":3,"minecraft:interact_with_anvil":14,"minecraft:inspect_hopper":48,"minecraft:sneak_time":53513,"minecraft:interact_with_blast_furnace":112,"minecraft:total_world_time":2512560,"minecraft:tune_noteblock":47,"minecraft:interact_with_stonecutter":11,"minecraft:time_since_rest":65062,"minecraft:swim_one_cm":1407249,"minecraft:fly_one_cm":4384083,"minecraft:open_chest":1202,"minecraft:fish_caught":5,"minecraft:fall_one_cm":550769,"minecraft:sprint_one_cm":6478095,"minecraft:drop":353,"minecraft:talked_to_villager":44,"minecraft:interact_with_brewingstand":15,"minecraft:walk_on_water_one_cm":637731,"minecraft:interact_with_loom":1,"minecraft:crouch_one_cm":114765,"minecraft:mob_kills":984,"minecraft:climb_one_cm":109512,"minecraft:walk_one_cm":5593782,"minecraft:raid_win":1,"minecraft:walk_under_water_one_cm":557076,"minecraft:boat_one_cm":6593418,"minecraft:raid_trigger":1,"minecraft:interact_with_grindstone":3,"minecraft:damage_taken":21207},"minecraft:broken":{"minecraft:golden_boots":1,"minecraft:iron_boots":2,"minecraft:iron_leggings":1,"minecraft:diamond_shovel":1,"minecraft:diamond_pickaxe":1,"minecraft:wooden_sword":1,"minecraft:iron_helmet":2,"minecraft:golden_helmet":1,"minecraft:golden_shovel":1},"minecraft:killed":{"minecraft:cave_spider":1,"minecraft:cod":1,"minecraft:skeleton":150,"minecraft:guardian":1,"minecraft:chicken":47,"minecraft:tropical_fish":41,"minecraft:magma_cube":17,"minecraft:salmon":3,"minecraft:iron_golem":2,"minecraft:pillager":23,"minecraft:zombie":173,"minecraft:glow_squid":1,"minecraft:cow":136,"minecraft:evoker":1,"minecraft:vindicator":5,"minecraft:husk":2,"minecraft:frog":1,"minecraft:ravager":2,"minecraft:enderman":5,"minecraft:witch":4,"minecraft:spider":76,"minecraft:wolf":1,"minecraft:pig":38,"minecraft:creeper":45,"minecraft:sheep":43,"minecraft:trader_llama":2,"minecraft:mooshroom":33,"minecraft:ghast":5,"minecraft:blaze":3,"minecraft:vex":2,"minecraft:slime":4,"minecraft:phantom":27,"minecraft:drowned":31,"minecraft:bat":1,"minecraft:wither_skeleton":2},"minecraft:dropped":{"minecraft:porkchop":2,"minecraft:oak_pressure_plate":2,"minecraft:cooked_beef":47,"minecraft:glow_ink_sac":6,"minecraft:diamond":2,"minecraft:crafting_table":2,"minecraft:crossbow":1,"minecraft:glow_berries":4,"minecraft:rail":3,"minecraft:leather_helmet":3,"minecraft:red_mushroom":5,"minecraft:dirt":168,"minecraft:sand":45,"minecraft:gold_nugget":7,"minecraft:bone_meal":1,"minecraft:sunflower":16,"minecraft:phantom_membrane":6,"minecraft:dark_oak_planks":16,"minecraft:fishing_rod":6,"minecraft:bone":27,"minecraft:note_block":1,"minecraft:compass":1,"minecraft:sugar_cane":9,"minecraft:iron_nugget":51,"minecraft:cobbled_deepslate":175,"minecraft:wheat":20,"minecraft:deepslate_brick_slab":1,"minecraft:rotten_flesh":105,"minecraft:oak_planks":5,"minecraft:glowstone_dust":2,"minecraft:golden_shovel":1,"minecraft:white_bed":1,"minecraft:heavy_weighted_pressure_plate":1,"minecraft:hopper":2,"minecraft:leather_boots":1,"minecraft:spruce_slab":5,"minecraft:beef":8,"minecraft:cartography_table":2,"minecraft:lectern":4,"minecraft:egg":1,"minecraft:golden_boots":1,"minecraft:iron_ingot":52,"minecraft:wheat_seeds":25,"minecraft:dripstone_block":1,"minecraft:oak_fence":1,"minecraft:book":3,"minecraft:feather":5,"minecraft:cobblestone":69,"minecraft:granite":20,"minecraft:coal":39,"minecraft:lava_bucket":1,"minecraft:jungle_slab":1,"minecraft:iron_trapdoor":1,"minecraft:ink_sac":2,"minecraft:cooked_salmon":1,"minecraft:potion":2,"minecraft:oak_stairs":1,"minecraft:golden_hoe":1,"minecraft:heart_of_the_sea":1,"minecraft:string":41,"minecraft:lily_pad":1,"minecraft:acacia_planks":6,"minecraft:furnace":1,"minecraft:stone_sword":2,"minecraft:bowl":1,"minecraft:chicken":3,"minecraft:clay_ball":73,"minecraft:stone_slab":19,"minecraft:oak_sign":1,"minecraft:suspicious_stew":1,"minecraft:diamond_sword":2,"minecraft:cobblestone_slab":4,"minecraft:spruce_planks":3,"minecraft:diamond_pickaxe":1,"minecraft:spider_eye":30,"minecraft:stone_bricks":9,"minecraft:barrel":1,"minecraft:bow":10,"minecraft:magma_block":2,"minecraft:black_wool":2,"minecraft:brown_mushroom":23,"minecraft:diamond_axe":1,"minecraft:oak_log":2,"minecraft:leather":25,"minecraft:dark_oak_log":164,"minecraft:cut_sandstone":1,"minecraft:amethyst_shard":12,"minecraft:gravel":52,"minecraft:pointed_dripstone":2,"minecraft:diamond_shovel":5,"minecraft:cooked_mutton":2,"minecraft:gunpowder":7,"minecraft:acacia_slab":12,"minecraft:chest":2,"minecraft:iron_bars":7,"minecraft:arrow":18,"minecraft:scaffolding":2,"minecraft:water_bucket":4,"minecraft:mossy_cobblestone":7,"minecraft:golden_axe":1,"minecraft:copper_ingot":7,"minecraft:stick":22,"minecraft:diorite":13,"minecraft:brewing_stand":1,"minecraft:torch":16,"minecraft:fire_charge":1,"minecraft:cactus":18,"minecraft:bucket":2,"minecraft:smooth_basalt":3,"minecraft:redstone":1,"minecraft:kelp":24,"minecraft:oak_trapdoor":18,"minecraft:tuff":36,"minecraft:composter":1,"minecraft:light_gray_wool":4,"minecraft:stripped_oak_log":2,"minecraft:red_terracotta":4,"minecraft:flint_and_steel":1,"minecraft:deepslate_bricks":3,"minecraft:filled_map":3,"minecraft:shield":1,"minecraft:iron_chestplate":1,"minecraft:andesite":1,"minecraft:mossy_stone_bricks":6,"minecraft:pink_wool":1,"minecraft:golden_leggings":1,"minecraft:oak_sapling":4,"minecraft:golden_sword":1,"minecraft:brick":320},"minecraft:crafted":{"minecraft:oak_sign":3,"minecraft:diamond_shovel":5,"minecraft:lever":1,"minecraft:bookshelf":4,"minecraft:cooked_mutton":4,"minecraft:iron_bars":32,"minecraft:deepslate_brick_stairs":73,"minecraft:diamond_axe":2,"minecraft:acacia_slab":6,"minecraft:copper_ingot":19,"minecraft:dark_oak_chest_boat":1,"minecraft:lectern":4,"minecraft:wooden_hoe":2,"minecraft:stone_slab":30,"minecraft:iron_pickaxe":1,"minecraft:iron_block":3,"minecraft:gold_ingot":409,"minecraft:composter":1,"minecraft:golden_carrot":1,"minecraft:bone_meal":321,"minecraft:spruce_stairs":12,"minecraft:deepslate_brick_wall":618,"minecraft:ladder":9,"minecraft:spruce_slab":54,"minecraft:cobbled_deepslate_stairs":46,"minecraft:deepslate_tile_wall":28,"minecraft:redstone_block":54,"minecraft:dark_oak_planks":152,"minecraft:deepslate_brick_slab":228,"minecraft:leather_helmet":1,"minecraft:deepslate_tiles":7,"minecraft:glowstone":8,"minecraft:oak_chest_boat":1,"minecraft:wooden_axe":2,"minecraft:iron_leggings":4,"minecraft:deepslate_tile_stairs":66,"minecraft:white_bed":3,"minecraft:note_block":1,"minecraft:oak_planks":448,"minecraft:barrel":7,"minecraft:dark_oak_boat":1,"minecraft:cooked_chicken":10,"minecraft:heavy_weighted_pressure_plate":1,"minecraft:hopper":13,"minecraft:bow":4,"minecraft:iron_boots":3,"minecraft:chest":23,"minecraft:oak_button":1,"minecraft:smoker":1,"minecraft:oak_slab":66,"minecraft:arrow":84,"minecraft:crafting_table":20,"minecraft:spruce_planks":116,"minecraft:wooden_pickaxe":2,"minecraft:baked_potato":10,"minecraft:iron_helmet":4,"minecraft:birch_planks":4,"minecraft:dispenser":1,"minecraft:dark_oak_slab":6,"minecraft:iron_chestplate":5,"minecraft:charcoal":18,"minecraft:diamond_pickaxe":5,"minecraft:shield":1,"minecraft:stick":112,"minecraft:iron_ingot":308,"minecraft:redstone_torch":4,"minecraft:deepslate_bricks":1284,"minecraft:wooden_sword":1,"minecraft:oak_door":6,"minecraft:fishing_rod":1,"minecraft:furnace":6,"minecraft:mushroom_stew":3,"minecraft:oak_trapdoor":18,"minecraft:polished_deepslate":1276,"minecraft:iron_axe":1,"minecraft:cooked_cod":23,"minecraft:diamond_sword":1,"minecraft:iron_trapdoor":1,"minecraft:bowl":4,"minecraft:bucket":4,"minecraft:air":0,"minecraft:bread":33,"minecraft:acacia_boat":2,"minecraft:oak_boat":6,"minecraft:white_wool":3,"minecraft:gold_nugget":9,"minecraft:white_dye":42,"minecraft:anvil":1,"minecraft:acacia_planks":44,"minecraft:torch":152,"minecraft:lapis_lazuli":9,"minecraft:clay":1},"minecraft:used":{"minecraft:moss_block":4,"minecraft:dispenser":1,"minecraft:spruce_slab":57,"minecraft:ladder":10,"minecraft:chest":17,"minecraft:stone":6,"minecraft:soul_sand":5,"minecraft:deepslate_brick_slab":271,"minecraft:lava_bucket":4,"minecraft:bow":652,"minecraft:dark_oak_boat":4,"minecraft:oak_sapling":26,"minecraft:furnace":17,"minecraft:cooked_cod":53,"minecraft:egg":2,"minecraft:potato":27,"minecraft:deepslate_brick_wall":701,"minecraft:damaged_anvil":1,"minecraft:diorite":94,"minecraft:blackstone":15,"minecraft:wooden_pickaxe":22,"minecraft:composter":4,"minecraft:clay":1,"minecraft:golden_apple":1,"minecraft:glow_berries":33,"minecraft:sand":23,"minecraft:blast_furnace":6,"minecraft:deepslate_brick_stairs":143,"minecraft:deepslate_tiles":79,"minecraft:diamond_sword":2302,"minecraft:wooden_sword":87,"minecraft:oak_boat":5,"minecraft:oak_trapdoor":1,"minecraft:iron_bars":40,"minecraft:enchanting_table":1,"minecraft:stone_sword":123,"minecraft:cooked_salmon":5,"minecraft:netherrack":12,"minecraft:torch":284,"minecraft:brewing_stand":6,"minecraft:anvil":1,"minecraft:golden_shovel":29,"minecraft:flowering_azalea":6,"minecraft:iron_axe":49,"minecraft:barrel":20,"minecraft:melon_seeds":6,"minecraft:basalt":188,"minecraft:glowstone":2,"minecraft:beef":2,"minecraft:acacia_planks":2,"minecraft:cobbled_deepslate":598,"minecraft:orange_terracotta":1,"minecraft:wheat_seeds":35,"minecraft:water_bucket":66,"minecraft:birch_planks":1,"minecraft:cauldron":3,"minecraft:deepslate_bricks":485,"minecraft:cracked_stone_bricks":1,"minecraft:mossy_cobblestone":10,"minecraft:rail":5,"minecraft:oak_slab":2,"minecraft:crafting_table":31,"minecraft:white_bed":5,"minecraft:spruce_log":86,"minecraft:oak_log":25,"minecraft:mud":13,"minecraft:diamond_pickaxe":13367,"minecraft:diamond_shovel":5796,"minecraft:oak_button":1,"minecraft:iron_pickaxe":225,"minecraft:suspicious_stew":2,"minecraft:spruce_sapling":8,"minecraft:cobblestone":582,"minecraft:potion":4,"minecraft:cooked_porkchop":20,"minecraft:glass_pane":6,"minecraft:dark_oak_chest_boat":1,"minecraft:oak_sign":3,"minecraft:shield":21,"minecraft:nether_wart":15,"minecraft:mutton":1,"minecraft:carrot":53,"minecraft:tuff":329,"minecraft:lantern":1,"minecraft:stone_bricks":1,"minecraft:magma_block":15,"minecraft:scaffolding":40,"minecraft:gold_block":1,"minecraft:oak_chest_boat":3,"minecraft:dark_oak_sapling":4,"minecraft:stone_pickaxe":96,"minecraft:oak_planks":34,"minecraft:sandstone":10,"minecraft:diamond_axe":1897,"minecraft:mushroom_stew":1,"minecraft:cobbled_deepslate_stairs":56,"minecraft:redstone_torch":5,"minecraft:sticky_piston":2,"minecraft:lever":2,"minecraft:melon_slice":8,"minecraft:bread":63,"minecraft:gravel":16,"minecraft:grindstone":1,"minecraft:chest_minecart":1,"minecraft:bone_meal":215,"minecraft:oak_fence":10,"minecraft:flint_and_steel":47,"minecraft:tropical_fish":4,"minecraft:spruce_planks":2,"minecraft:cooked_chicken":26,"minecraft:oak_door":17,"minecraft:dirt":4820,"minecraft:white_carpet":4,"minecraft:hopper":27,"minecraft:spruce_stairs":8,"minecraft:granite":12,"minecraft:dark_oak_planks":14,"minecraft:wooden_axe":56,"minecraft:oak_stairs":6,"minecraft:deepslate_tile_stairs":75,"minecraft:cooked_beef":160,"minecraft:cooked_mutton":15,"minecraft:acacia_boat":7,"minecraft:glass_bottle":2,"minecraft:cut_sandstone":7,"minecraft:brown_mushroom":4,"minecraft:stonecutter":2,"minecraft:red_mushroom":23,"minecraft:smoker":4,"minecraft:wooden_hoe":35,"minecraft:apple":4,"minecraft:stone_slab":37,"minecraft:fishing_rod":7,"minecraft:bucket":87,"minecraft:splash_potion":1},"minecraft:mined":{"minecraft:dark_oak_planks":4,"minecraft:white_bed":2,"minecraft:jungle_leaves":4,"minecraft:obsidian":17,"minecraft:granite":168,"minecraft:acacia_log":11,"minecraft:oak_pressure_plate":2,"minecraft:deepslate_bricks":143,"minecraft:deepslate_tile_stairs":12,"minecraft:hopper":11,"minecraft:nether_wart":6,"minecraft:chiseled_stone_bricks":4,"minecraft:spawner":5,"minecraft:tall_seagrass":1,"minecraft:magma_block":23,"minecraft:cobbled_deepslate":99,"minecraft:fire":21,"minecraft:sticky_piston":8,"minecraft:barrel":17,"minecraft:moss_carpet":1,"minecraft:deepslate_lapis_ore":92,"minecraft:enchanting_table":1,"minecraft:cave_vines":20,"minecraft:water_cauldron":3,"minecraft:dirt_path":9,"minecraft:oak_stairs":7,"minecraft:small_amethyst_bud":2,"minecraft:deepslate_brick_stairs":49,"minecraft:orange_bed":1,"minecraft:cut_sandstone":12,"minecraft:brown_mushroom":29,"minecraft:kelp_plant":5,"minecraft:deepslate_brick_wall":138,"minecraft:smoker":3,"minecraft:soul_fire":9,"minecraft:amethyst_cluster":3,"minecraft:torch":26,"minecraft:blast_furnace":6,"minecraft:melon":47,"minecraft:glass":4,"minecraft:sugar_cane":6,"minecraft:damaged_anvil":1,"minecraft:amethyst_block":16,"minecraft:repeater":1,"minecraft:mud":13,"minecraft:wheat":34,"minecraft:grass":173,"minecraft:infested_mossy_stone_bricks":1,"minecraft:smooth_basalt":9,"minecraft:red_mushroom_block":433,"minecraft:stonecutter":2,"minecraft:deepslate":4994,"minecraft:purple_glazed_terracotta":2,"minecraft:deepslate_tiles":8,"minecraft:mossy_cobblestone":39,"minecraft:dark_oak_log":96,"minecraft:redstone_wire":4,"minecraft:cartography_table":2,"minecraft:moss_block":10,"minecraft:red_mushroom":25,"minecraft:kelp":2,"minecraft:redstone_ore":5,"minecraft:andesite":158,"minecraft:mossy_stone_brick_stairs":1,"minecraft:potatoes":23,"minecraft:cobblestone_slab":3,"minecraft:vine":16,"minecraft:rail":30,"minecraft:oak_slab":8,"minecraft:glass_pane":3,"minecraft:soul_sand":5,"minecraft:dandelion":1,"minecraft:emerald_ore":3,"minecraft:tall_grass":25,"minecraft:copper_ore":53,"minecraft:deepslate_gold_ore":254,"minecraft:diorite":209,"minecraft:red_terracotta":4,"minecraft:white_carpet":4,"minecraft:spruce_log":444,"minecraft:birch_leaves":4,"minecraft:mycelium":2774,"minecraft:sunflower":9,"minecraft:gravel":230,"minecraft:dripstone_block":3,"minecraft:cobweb":77,"minecraft:stone_bricks":10,"minecraft:gold_ore":17,"minecraft:fern":18,"minecraft:stone_pressure_plate":3,"minecraft:spruce_planks":26,"minecraft:oak_sapling":3,"minecraft:cobbled_deepslate_stairs":12,"minecraft:jungle_slab":1,"minecraft:brewing_stand":7,"minecraft:cave_vines_plant":10,"minecraft:budding_amethyst":1,"minecraft:grass_block":89,"minecraft:soul_soil":2,"minecraft:composter":4,"minecraft:frosted_ice":6,"minecraft:glowstone":15,"minecraft:iron_ore":179,"minecraft:pointed_dripstone":1,"minecraft:flowering_azalea_leaves":9,"minecraft:iron_bars":15,"minecraft:azalea_leaves":22,"minecraft:azalea":1,"minecraft:spruce_slab":14,"minecraft:deepslate_redstone_ore":263,"minecraft:blackstone":13,"minecraft:melon_stem":6,"minecraft:medium_amethyst_bud":1,"minecraft:orange_terracotta":3,"minecraft:clay":303,"minecraft:calcite":5,"minecraft:chest":11,"minecraft:mushroom_stem":103,"minecraft:cobblestone":359,"minecraft:grindstone":1,"minecraft:oak_planks":125,"minecraft:wall_torch":43,"minecraft:cauldron":2,"minecraft:deepslate_copper_ore":18,"minecraft:seagrass":2,"minecraft:dark_oak_door":1,"minecraft:birch_log":1,"minecraft:oak_log":157,"minecraft:sand":176,"minecraft:dirt":2268,"minecraft:netherrack":35,"minecraft:oak_leaves":216,"minecraft:tuff":589,"minecraft:dark_oak_leaves":65,"minecraft:deepslate_diamond_ore":91,"minecraft:oak_door":13,"minecraft:mangrove_roots":1,"minecraft:lever":2,"minecraft:ladder":1,"minecraft:brown_mushroom_block":414,"minecraft:spruce_leaves":122,"minecraft:mangrove_propagule":3,"minecraft:sandstone":33,"minecraft:large_fern":2,"minecraft:hay_block":119,"minecraft:deepslate_brick_slab":67,"minecraft:oak_trapdoor":1,"minecraft:furnace":14,"minecraft:carrots":41,"minecraft:stripped_spruce_log":1,"minecraft:gold_block":12,"minecraft:deepslate_iron_ore":265,"minecraft:stripped_oak_log":3,"minecraft:stone":4223,"minecraft:redstone_wall_torch":1,"minecraft:podzol":128,"minecraft:scaffolding":15,"minecraft:flowering_azalea":7,"minecraft:basalt":377,"minecraft:oak_fence":10,"minecraft:crafting_table":12,"minecraft:stone_slab":31,"minecraft:lapis_ore":21,"minecraft:spruce_stairs":6,"minecraft:birch_planks":1,"minecraft:cactus":12,"minecraft:coal_ore":239,"minecraft:cocoa":1,"minecraft:cracked_stone_bricks":4,"minecraft:small_dripleaf":1,"minecraft:mossy_stone_bricks":7},"minecraft:killed_by":{"minecraft:vindicator":2,"minecraft:creeper":1},"minecraft:picked_up":{"minecraft:iron_chestplate":3,"minecraft:diamond_sword":5,"minecraft:lead":2,"minecraft:stone_slab":26,"minecraft:oak_stairs":9,"minecraft:enchanted_book":1,"minecraft:golden_shovel":1,"minecraft:brewing_stand":7,"minecraft:amethyst_block":32,"minecraft:string":139,"minecraft:soul_soil":2,"minecraft:cooked_salmon":13,"minecraft:pufferfish":1,"minecraft:gold_nugget":1,"minecraft:cobbled_deepslate":4636,"minecraft:spruce_planks":24,"minecraft:melon_slice":385,"minecraft:dark_oak_door":1,"minecraft:golden_helmet":1,"minecraft:composter":4,"minecraft:big_dripleaf":7,"minecraft:acacia_log":11,"minecraft:deepslate_tile_stairs":12,"minecraft:cauldron":5,"minecraft:orange_bed":1,"minecraft:stone_sword":3,"minecraft:tropical_fish":41,"minecraft:blaze_rod":2,"minecraft:iron_bars":18,"minecraft:birch_log":1,"minecraft:magma_block":19,"minecraft:feather":63,"minecraft:cooked_beef":469,"minecraft:water_bucket":1,"minecraft:brown_wool":1,"minecraft:dark_oak_boat":4,"minecraft:smoker":3,"minecraft:flint":39,"minecraft:lantern":1,"minecraft:stonecutter":2,"minecraft:glowstone_dust":38,"minecraft:moss_block":9,"minecraft:stripped_spruce_log":2,"minecraft:ink_sac":2,"minecraft:dark_oak_log":228,"minecraft:red_terracotta":4,"minecraft:barrel":17,"minecraft:lever":4,"minecraft:granite":156,"minecraft:bread":2,"minecraft:rooted_dirt":1,"minecraft:diamond_pickaxe":4,"minecraft:mud":13,"minecraft:crafting_table":12,"minecraft:nether_wart":17,"minecraft:clay_ball":1252,"minecraft:flint_and_steel":3,"minecraft:white_carpet":4,"minecraft:compass":3,"minecraft:cracked_stone_bricks":3,"minecraft:cartography_table":2,"minecraft:beef":100,"minecraft:spruce_slab":18,"minecraft:poppy":1,"minecraft:chest":13,"minecraft:egg":4,"minecraft:sandstone":29,"minecraft:oak_door":15,"minecraft:carrot":234,"minecraft:redstone":1029,"minecraft:shears":1,"minecraft:deepslate_bricks":209,"minecraft:hay_block":118,"minecraft:oak_chest_boat":2,"minecraft:gold_ingot":786,"minecraft:totem_of_undying":2,"minecraft:glow_berries":64,"minecraft:mutton":22,"minecraft:white_wool":32,"minecraft:rail":43,"minecraft:stripped_oak_log":6,"minecraft:clock":1,"minecraft:red_mushroom":232,"minecraft:oak_log":158,"minecraft:lily_pad":1,"minecraft:golden_boots":1,"minecraft:paper":12,"minecraft:white_banner":9,"minecraft:stone_bricks":10,"minecraft:apple":2,"minecraft:kelp":34,"minecraft:stone_pickaxe":1,"minecraft:flowering_azalea":6,"minecraft:smooth_basalt":9,"minecraft:sweet_berries":34,"minecraft:gravel":187,"minecraft:spruce_sapling":10,"minecraft:spruce_log":429,"minecraft:sea_lantern":2,"minecraft:leather_helmet":2,"minecraft:diamond_shovel":7,"minecraft:slime_ball":5,"minecraft:purple_glazed_terracotta":2,"minecraft:diamond_axe":4,"minecraft:baked_potato":2,"minecraft:melon_seeds":27,"minecraft:mangrove_propagule":4,"minecraft:hopper":12,"minecraft:ender_pearl":5,"minecraft:wheat":71,"minecraft:potion":4,"minecraft:raw_copper":491,"minecraft:iron_leggings":3,"minecraft:sticky_piston":8,"minecraft:oak_sign":1,"minecraft:activator_rail":3,"minecraft:deepslate_tiles":7,"minecraft:bucket":9,"minecraft:redstone_torch":1,"minecraft:cobblestone_slab":4,"minecraft:calcite":5,"minecraft:azalea":1,"minecraft:iron_boots":3,"minecraft:furnace":14,"minecraft:stick":47,"minecraft:deepslate_brick_wall":175,"minecraft:oak_fence":15,"minecraft:torch":83,"minecraft:spruce_stairs":5,"minecraft:porkchop":18,"minecraft:pointed_dripstone":5,"minecraft:diorite":187,"minecraft:cactus":36,"minecraft:rotten_flesh":284,"minecraft:deepslate_brick_stairs":48,"minecraft:obsidian":17,"minecraft:cod":4,"minecraft:cobblestone":4238,"minecraft:enchanting_table":1,"minecraft:magma_cream":1,"minecraft:andesite":78,"minecraft:golden_leggings":1,"minecraft:potato":150,"minecraft:tuff":559,"minecraft:acacia_boat":5,"minecraft:dirt":5523,"minecraft:lapis_lazuli":734,"minecraft:name_tag":2,"minecraft:leather_boots":2,"minecraft:bone":228,"minecraft:acacia_planks":3,"minecraft:bow":20,"minecraft:wheat_seeds":150,"minecraft:deepslate_brick_slab":63,"minecraft:raw_gold":322,"minecraft:grindstone":1,"minecraft:mossy_stone_bricks":8,"minecraft:oak_planks":125,"minecraft:cooked_porkchop":91,"minecraft:oak_pressure_plate":6,"minecraft:poisonous_potato":1,"minecraft:sand":133,"minecraft:jungle_slab":1,"minecraft:mossy_cobblestone":37,"minecraft:diamond":130,"minecraft:crossbow":3,"minecraft:bone_meal":29,"minecraft:emerald":18,"minecraft:oak_sapling":39,"minecraft:netherrack":17,"minecraft:charcoal":1,"minecraft:chicken":26,"minecraft:ladder":1,"minecraft:chest_minecart":1,"minecraft:brown_mushroom":252,"minecraft:pink_wool":1,"minecraft:gold_block":12,"minecraft:diamond_horse_armor":1,"minecraft:brick":226,"minecraft:shield":1,"minecraft:oak_trapdoor":1,"minecraft:moss_carpet":5,"minecraft:wooden_sword":1,"minecraft:item_frame":1,"minecraft:mycelium":37,"minecraft:blackstone":15,"minecraft:detector_rail":4,"minecraft:light_gray_wool":5,"minecraft:sugar_cane":29,"minecraft:phantom_membrane":17,"minecraft:dark_oak_sapling":14,"minecraft:raw_iron":629,"minecraft:copper_ingot":226,"minecraft:iron_horse_armor":1,"minecraft:stone_pressure_plate":3,"minecraft:dark_oak_planks":20,"minecraft:arrow":488,"minecraft:basalt":349,"minecraft:glow_ink_sac":6,"minecraft:cut_sandstone":9,"minecraft:leather":207,"minecraft:birch_planks":1,"minecraft:cobbled_deepslate_stairs":11,"minecraft:gunpowder":52,"minecraft:orange_terracotta":1,"minecraft:cooked_mutton":47,"minecraft:heart_of_the_sea":4,"minecraft:iron_ingot":368,"minecraft:cooked_chicken":26,"minecraft:soul_sand":26,"minecraft:book":39,"minecraft:scaffolding":80,"minecraft:oak_slab":4,"minecraft:dripstone_block":4,"minecraft:lava_bucket":2,"minecraft:amethyst_shard":36,"minecraft:blast_furnace":6,"minecraft:white_bed":3,"minecraft:green_carpet":1,"minecraft:spider_eye":47,"minecraft:iron_helmet":3,"minecraft:acacia_slab":8,"minecraft:damaged_anvil":1,"minecraft:black_wool":4,"minecraft:coal":335,"minecraft:sunflower":16}},"DataVersion":3105}