{"stats":{"minecraft:custom":{"minecraft:interact_with_crafting_table":357,"minecraft:open_barrel":1732,"minecraft:leave_game":36,"minecraft:time_since_death":137385,"minecraft:damage_blocked_by_shield":7950,"minecraft:play_time":7236564,"minecraft:deaths":10,"minecraft:jump":21250,"minecraft:enchant_item":27,"minecraft:interact_with_furnace":121,"minecraft:sleep_in_bed":35,"minecraft:damage_dealt":62519,"minecraft:interact_with_smoker":69,"minecraft:use_cauldron":9,"minecraft:inspect_dispenser":12,"minecraft:interact_with_smithing_table":2,"minecraft:interact_with_anvil":64,"minecraft:inspect_hopper":91,"minecraft:sneak_time":84692,"minecraft:interact_with_blast_furnace":33,"minecraft:total_world_time":7237230,"minecraft:tune_noteblock":1009394,"minecraft:interact_with_stonecutter":29,"minecraft:time_since_rest":26355,"minecraft:swim_one_cm":1601724,"minecraft:fly_one_cm":4233560,"minecraft:open_chest":3059,"minecraft:fish_caught":7275,"minecraft:fall_one_cm":526695,"minecraft:sprint_one_cm":4552018,"minecraft:drop":522,"minecraft:play_noteblock":11,"minecraft:talked_to_villager":127,"minecraft:interact_with_brewingstand":7,"minecraft:walk_on_water_one_cm":310786,"minecraft:crouch_one_cm":206917,"minecraft:mob_kills":444,"minecraft:interact_with_campfire":6,"minecraft:climb_one_cm":277698,"minecraft:walk_one_cm":4458281,"minecraft:walk_under_water_one_cm":1050001,"minecraft:boat_one_cm":2380675,"minecraft:pot_flower":21,"minecraft:interact_with_grindstone":89,"minecraft:damage_taken":19196},"minecraft:dropped":{"minecraft:porkchop":3,"minecraft:lapis_lazuli":93,"minecraft:cooked_beef":98,"minecraft:glass_bottle":5,"minecraft:rooted_dirt":2,"minecraft:saddle":117,"minecraft:leather_helmet":2,"minecraft:red_mushroom":71,"minecraft:dirt":326,"minecraft:wooden_sword":1,"minecraft:phantom_membrane":3,"minecraft:fishing_rod":13,"minecraft:gray_dye":1,"minecraft:bone":26,"minecraft:sugar_cane":6,"minecraft:cobbled_deepslate":6,"minecraft:wheat":29,"minecraft:rotten_flesh":34,"minecraft:oak_planks":4,"minecraft:white_bed":1,"minecraft:salmon":1427,"minecraft:leather_boots":33,"minecraft:white_dye":1,"minecraft:glass":2,"minecraft:enchanted_book":5,"minecraft:iron_ingot":4,"minecraft:black_dye":1,"minecraft:wheat_seeds":2,"minecraft:oak_fence":4,"minecraft:cobblestone":14,"minecraft:feather":2,"minecraft:pufferfish":713,"minecraft:lava_bucket":1,"minecraft:gray_wool":1,"minecraft:ink_sac":20,"minecraft:potion":16,"minecraft:string":15,"minecraft:lily_pad":30,"minecraft:acacia_planks":2,"minecraft:stone_sword":1,"minecraft:bowl":32,"minecraft:white_carpet":3,"minecraft:stone_slab":5,"minecraft:name_tag":49,"minecraft:cobbled_deepslate_slab":2,"minecraft:diamond_sword":6,"minecraft:cobblestone_slab":5,"minecraft:sea_pickle":1,"minecraft:diamond_pickaxe":1,"minecraft:bow":18,"minecraft:acacia_boat":1,"minecraft:soul_sand":9,"minecraft:brown_mushroom":52,"minecraft:diamond_axe":2,"minecraft:baked_potato":2,"minecraft:leather":28,"minecraft:cod":3168,"minecraft:cobblestone_stairs":1,"minecraft:dark_oak_log":15,"minecraft:gold_ingot":4,"minecraft:gravel":3,"minecraft:diamond_shovel":1,"minecraft:carrot":115,"minecraft:chest":3,"minecraft:arrow":57,"minecraft:scaffolding":46,"minecraft:oak_slab":9,"minecraft:lead":1,"minecraft:tropical_fish":99,"minecraft:stick":17,"minecraft:diorite":13,"minecraft:torch":1,"minecraft:green_dye":3,"minecraft:green_carpet":9,"minecraft:tripwire_hook":26,"minecraft:bucket":6,"minecraft:redstone":64,"minecraft:kelp":20,"minecraft:oak_trapdoor":3,"minecraft:light_gray_wool":1,"minecraft:deepslate_bricks":57,"minecraft:shield":1,"minecraft:oak_sapling":1,"minecraft:stone_pickaxe":1,"minecraft:calcite":5,"minecraft:nautilus_shell":49},"minecraft:picked_up":{"minecraft:iron_chestplate":9,"minecraft:flower_pot":1,"minecraft:anvil":1,"minecraft:diamond_sword":15,"minecraft:lead":8,"minecraft:stone_slab":1,"minecraft:oak_stairs":6,"minecraft:enchanted_book":13,"minecraft:brewing_stand":4,"minecraft:amethyst_block":19,"minecraft:music_disc_cat":1,"minecraft:dark_oak_trapdoor":142,"minecraft:string":151,"minecraft:soul_soil":18,"minecraft:pufferfish":293,"minecraft:gold_nugget":2,"minecraft:cobbled_deepslate":467,"minecraft:spruce_planks":28,"minecraft:melon_slice":219,"minecraft:big_dripleaf":7,"minecraft:acacia_log":47,"minecraft:deepslate_tile_stairs":25,"minecraft:cauldron":6,"minecraft:stone_sword":1,"minecraft:tropical_fish":72,"minecraft:blaze_rod":2,"minecraft:magma_block":2,"minecraft:feather":7,"minecraft:cooked_beef":142,"minecraft:water_bucket":9,"minecraft:dark_oak_boat":9,"minecraft:smoker":11,"minecraft:flint":21,"minecraft:lantern":7,"minecraft:chipped_anvil":1,"minecraft:stonecutter":13,"minecraft:glowstone_dust":10,"minecraft:moss_block":7,"minecraft:stripped_spruce_log":1,"minecraft:ink_sac":20,"minecraft:loom":1,"minecraft:dark_oak_log":85,"minecraft:barrel":17,"minecraft:lever":2,"minecraft:granite":59,"minecraft:rooted_dirt":3,"minecraft:diamond_pickaxe":10,"minecraft:spruce_leaves":79,"minecraft:crafting_table":17,"minecraft:nether_wart":187,"minecraft:clay_ball":907,"minecraft:heavy_weighted_pressure_plate":5,"minecraft:flint_and_steel":2,"minecraft:white_carpet":1,"minecraft:iron_shovel":3,"minecraft:beef":82,"minecraft:spruce_slab":16,"minecraft:poppy":2,"minecraft:minecart":19,"minecraft:chest":94,"minecraft:piston":18,"minecraft:egg":1,"minecraft:polished_deepslate_slab":2,"minecraft:stone":5,"minecraft:oak_door":9,"minecraft:white_dye":1,"minecraft:carrot":161,"minecraft:redstone":1376,"minecraft:cooked_cod":56,"minecraft:shears":1,"minecraft:deepslate_bricks":200,"minecraft:gold_ingot":174,"minecraft:glow_berries":27,"minecraft:mutton":20,"minecraft:bone_block":41,"minecraft:white_wool":19,"minecraft:rail":144,"minecraft:tripwire_hook":19,"minecraft:fern":45,"minecraft:red_mushroom_block":12,"minecraft:red_mushroom":239,"minecraft:oak_log":172,"minecraft:lily_pad":32,"minecraft:apple":12,"minecraft:kelp":910,"minecraft:stone_pickaxe":1,"minecraft:oak_fence_gate":2,"minecraft:glass_bottle":18,"minecraft:sweet_berries":41,"minecraft:gravel":67,"minecraft:spruce_sapling":39,"minecraft:spruce_log":377,"minecraft:crying_obsidian":1,"minecraft:sea_lantern":2,"minecraft:leather_helmet":6,"minecraft:diamond_shovel":7,"minecraft:diamond_axe":9,"minecraft:painting":10,"minecraft:gray_wool":1,"minecraft:oak_button":1,"minecraft:baked_potato":4,"minecraft:melon_seeds":36,"minecraft:hopper":45,"minecraft:wheat":45,"minecraft:iron_trapdoor":4,"minecraft:potion":16,"minecraft:stone_brick_stairs":1,"minecraft:iron_leggings":9,"minecraft:oak_sign":7,"minecraft:sea_pickle":8,"minecraft:activator_rail":6,"minecraft:deepslate_tiles":16,"minecraft:smooth_stone":3,"minecraft:bucket":6,"minecraft:redstone_torch":12,"minecraft:cobblestone_slab":102,"minecraft:azalea":7,"minecraft:furnace":12,"minecraft:iron_boots":7,"minecraft:stick":114,"minecraft:deepslate_brick_wall":48,"minecraft:oak_fence":33,"minecraft:torch":129,"minecraft:spruce_stairs":4,"minecraft:porkchop":18,"minecraft:pointed_dripstone":14,"minecraft:diorite":6,"minecraft:rotten_flesh":269,"minecraft:deepslate_brick_stairs":29,"minecraft:obsidian":53,"minecraft:cod":860,"minecraft:blaze_powder":14,"minecraft:cobblestone":4361,"minecraft:nautilus_shell":35,"minecraft:enchanting_table":10,"minecraft:leather_chestplate":2,"minecraft:magma_cream":5,"minecraft:andesite":3,"minecraft:black_bed":2,"minecraft:potato":109,"minecraft:tuff":19,"minecraft:acacia_boat":2,"minecraft:dirt":1508,"minecraft:lapis_lazuli":832,"minecraft:name_tag":46,"minecraft:leather_boots":10,"minecraft:glass":15,"minecraft:bone":272,"minecraft:acacia_planks":70,"minecraft:bow":23,"minecraft:wheat_seeds":118,"minecraft:raw_gold":43,"minecraft:cobbled_deepslate_slab":31,"minecraft:grindstone":13,"minecraft:bamboo":352,"minecraft:powered_rail":4,"minecraft:oak_planks":86,"minecraft:ghast_tear":2,"minecraft:cooked_porkchop":53,"minecraft:poisonous_potato":2,"minecraft:sand":115,"minecraft:grass_block":67,"minecraft:mossy_cobblestone":5,"minecraft:sugar":10,"minecraft:clay":27,"minecraft:diamond":50,"minecraft:grass":2,"minecraft:bone_meal":149,"minecraft:golden_apple":4,"minecraft:emerald":8,"minecraft:oak_sapling":82,"minecraft:netherrack":28,"minecraft:oak_leaves":97,"minecraft:fishing_rod":25,"minecraft:chicken":21,"minecraft:ladder":8,"minecraft:brown_mushroom":149,"minecraft:wooden_pickaxe":1,"minecraft:gold_block":1,"minecraft:diamond_horse_armor":1,"minecraft:brick":1,"minecraft:shield":8,"minecraft:moss_carpet":5,"minecraft:oak_trapdoor":61,"minecraft:iron_axe":1,"minecraft:item_frame":3,"minecraft:mycelium":150,"minecraft:blackstone":18,"minecraft:detector_rail":10,"minecraft:oak_boat":5,"minecraft:observer":6,"minecraft:light_gray_wool":1,"minecraft:lectern":31,"minecraft:sugar_cane":52,"minecraft:spruce_trapdoor":3,"minecraft:phantom_membrane":30,"minecraft:dark_oak_sapling":6,"minecraft:raw_iron":95,"minecraft:copper_ingot":11,"minecraft:bowl":14,"minecraft:note_block":8,"minecraft:gray_dye":1,"minecraft:dark_oak_planks":1,"minecraft:arrow":160,"minecraft:saddle":22,"minecraft:basalt":75,"minecraft:salmon":543,"minecraft:leather":144,"minecraft:cobbled_deepslate_stairs":10,"minecraft:gunpowder":207,"minecraft:cobblestone_stairs":17,"minecraft:deepslate_tile_slab":2,"minecraft:wooden_hoe":5,"minecraft:cooked_mutton":18,"minecraft:podzol":174,"minecraft:heart_of_the_sea":2,"minecraft:iron_ingot":123,"minecraft:cooked_chicken":3,"minecraft:acacia_sapling":2,"minecraft:soul_sand":39,"minecraft:green_dye":9,"minecraft:book":144,"minecraft:scaffolding":1384,"minecraft:oak_slab":546,"minecraft:quartz":24,"minecraft:dripstone_block":11,"minecraft:lava_bucket":4,"minecraft:amethyst_shard":12,"minecraft:blast_furnace":5,"minecraft:white_bed":34,"minecraft:green_carpet":11,"minecraft:spruce_door":7,"minecraft:spider_eye":18,"minecraft:campfire":3,"minecraft:iron_helmet":7,"minecraft:damaged_anvil":10,"minecraft:coal":222},"minecraft:killed_by":{"minecraft:zombie":1,"minecraft:skeleton":1,"minecraft:phantom":2},"minecraft:broken":{"minecraft:iron_boots":2,"minecraft:iron_chestplate":1,"minecraft:iron_leggings":2,"minecraft:diamond_pickaxe":3,"minecraft:fishing_rod":2,"minecraft:iron_hoe":1,"minecraft:stone_hoe":1,"minecraft:shield":3,"minecraft:iron_pickaxe":2,"minecraft:iron_helmet":2,"minecraft:stone_pickaxe":1},"minecraft:used":{"minecraft:moss_block":3,"minecraft:writable_book":15,"minecraft:dispenser":1,"minecraft:spruce_slab":104,"minecraft:ladder":8,"minecraft:chest":128,"minecraft:stone":171,"minecraft:rotten_flesh":5,"minecraft:soul_sand":20,"minecraft:acacia_sapling":2,"minecraft:lava_bucket":23,"minecraft:grass_block":8,"minecraft:bow":191,"minecraft:dark_oak_boat":10,"minecraft:sweet_berries":2,"minecraft:oak_sapling":2,"minecraft:furnace":13,"minecraft:cooked_cod":101,"minecraft:egg":1,"minecraft:potato":5,"minecraft:deepslate_brick_wall":17,"minecraft:diorite":5,"minecraft:damaged_anvil":10,"minecraft:spruce_door":10,"minecraft:powered_rail":3,"minecraft:wooden_pickaxe":26,"minecraft:composter":2,"minecraft:clay":22,"minecraft:oak_leaves":25,"minecraft:dark_oak_trapdoor":78,"minecraft:sand":12,"minecraft:blast_furnace":6,"minecraft:deepslate_brick_stairs":19,"minecraft:deepslate_tiles":233,"minecraft:lectern":31,"minecraft:diamond_sword":805,"minecraft:wooden_sword":13,"minecraft:smithing_table":1,"minecraft:oak_boat":6,"minecraft:oak_trapdoor":38,"minecraft:iron_bars":8,"minecraft:enchanting_table":11,"minecraft:stone_sword":107,"minecraft:armor_stand":2,"minecraft:mycelium":59,"minecraft:cooked_salmon":28,"minecraft:netherrack":25,"minecraft:torch":105,"minecraft:brewing_stand":3,"minecraft:anvil":2,"minecraft:oak_fence_gate":4,"minecraft:fern":11,"minecraft:chipped_anvil":1,"minecraft:iron_axe":40,"minecraft:spruce_button":10,"minecraft:barrel":49,"minecraft:bamboo":28,"minecraft:basalt":136,"minecraft:iron_trapdoor":4,"minecraft:acacia_planks":15,"minecraft:cobbled_deepslate":313,"minecraft:observer":6,"minecraft:pointed_dripstone":4,"minecraft:wheat_seeds":42,"minecraft:water_bucket":102,"minecraft:red_mushroom_block":12,"minecraft:cauldron":5,"minecraft:spruce_fence_gate":6,"minecraft:deepslate_bricks":125,"minecraft:polished_deepslate_slab":17,"minecraft:mossy_cobblestone":5,"minecraft:rail":97,"minecraft:crafting_table":23,"minecraft:oak_slab":211,"minecraft:white_bed":33,"minecraft:campfire":6,"minecraft:cod":7,"minecraft:spruce_log":121,"minecraft:deepslate_tile_wall":2,"minecraft:diamond_pickaxe":4994,"minecraft:diamond_shovel":2107,"minecraft:oak_button":1,"minecraft:iron_pickaxe":716,"minecraft:spruce_trapdoor":41,"minecraft:spruce_sapling":14,"minecraft:green_carpet":18,"minecraft:cobblestone":2500,"minecraft:potion":15,"minecraft:cooked_porkchop":19,"minecraft:glass_pane":18,"minecraft:kelp":352,"minecraft:iron_shovel":167,"minecraft:oak_sign":5,"minecraft:shield":212,"minecraft:nether_wart":28,"minecraft:grass":2,"minecraft:spruce_leaves":29,"minecraft:carrot":96,"minecraft:deepslate_tile_slab":96,"minecraft:tuff":27,"minecraft:obsidian":25,"minecraft:glass":51,"minecraft:lantern":32,"minecraft:item_frame":25,"minecraft:magma_block":2,"minecraft:scaffolding":809,"minecraft:gray_bed":1,"minecraft:oak_chest_boat":2,"minecraft:stone_pickaxe":244,"minecraft:oak_planks":128,"minecraft:sugar_cane":5,"minecraft:diamond_axe":1529,"minecraft:white_wool":2,"minecraft:loom":2,"minecraft:dripstone_block":7,"minecraft:note_block":9,"minecraft:black_bed":3,"minecraft:shears":256,"minecraft:cobbled_deepslate_stairs":10,"minecraft:redstone_torch":14,"minecraft:lever":7,"minecraft:heavy_weighted_pressure_plate":5,"minecraft:melon_slice":40,"minecraft:bread":2,"minecraft:string":1,"minecraft:deepslate":64,"minecraft:gravel":54,"minecraft:grindstone":15,"minecraft:andesite":20,"minecraft:chain":2,"minecraft:air":4,"minecraft:bone_meal":381,"minecraft:oak_fence":11,"minecraft:flint_and_steel":24,"minecraft:redstone":19,"minecraft:spruce_planks":127,"minecraft:stone_hoe":144,"minecraft:cooked_chicken":4,"minecraft:oak_door":5,"minecraft:dirt":952,"minecraft:hopper":44,"minecraft:spruce_stairs":12,"minecraft:spruce_fence":23,"minecraft:granite":31,"minecraft:iron_hoe":250,"minecraft:wooden_axe":83,"minecraft:bookshelf":63,"minecraft:oak_stairs":49,"minecraft:soul_soil":16,"minecraft:deepslate_tile_stairs":212,"minecraft:minecart":17,"minecraft:cooked_beef":50,"minecraft:cooked_mutton":50,"minecraft:acacia_boat":1,"minecraft:amethyst_block":3,"minecraft:cobblestone_stairs":20,"minecraft:baked_potato":22,"minecraft:brown_mushroom":14,"minecraft:stonecutter":15,"minecraft:cobblestone_slab":232,"minecraft:red_mushroom":26,"minecraft:painting":12,"minecraft:smoker":15,"minecraft:piston":18,"minecraft:wooden_hoe":44,"minecraft:flower_pot":17,"minecraft:apple":3,"minecraft:fishing_rod":11607,"minecraft:cobbled_deepslate_slab":20,"minecraft:bucket":128,"minecraft:pumpkin_pie":1,"minecraft:sea_pickle":3},"minecraft:killed":{"minecraft:skeleton":88,"minecraft:chicken":2,"minecraft:magma_cube":36,"minecraft:zombie":80,"minecraft:cow":10,"minecraft:wandering_trader":5,"minecraft:zombified_piglin":1,"minecraft:witch":34,"minecraft:spider":17,"minecraft:wolf":1,"minecraft:pig":3,"minecraft:zombie_villager":1,"minecraft:creeper":41,"minecraft:sheep":10,"minecraft:trader_llama":7,"minecraft:mooshroom":15,"minecraft:blaze":5,"minecraft:phantom":52,"minecraft:drowned":8,"minecraft:wither_skeleton":10,"minecraft:villager":3},"minecraft:mined":{"minecraft:white_bed":33,"minecraft:obsidian":28,"minecraft:granite":33,"minecraft:acacia_log":38,"minecraft:deepslate_bricks":28,"minecraft:deepslate_tile_stairs":25,"minecraft:hopper":41,"minecraft:oak_wall_sign":1,"minecraft:nether_wart":37,"minecraft:tall_seagrass":23,"minecraft:magma_block":2,"minecraft:dark_oak_trapdoor":78,"minecraft:cobbled_deepslate":153,"minecraft:fire":23,"minecraft:barrel":18,"minecraft:deepslate_lapis_ore":10,"minecraft:enchanting_table":10,"minecraft:polished_deepslate_slab":2,"minecraft:oak_sign":1,"minecraft:dirt_path":26,"minecraft:oak_stairs":6,"minecraft:green_carpet":7,"minecraft:piston_head":4,"minecraft:brown_mushroom":11,"minecraft:kelp_plant":85,"minecraft:deepslate_brick_wall":18,"minecraft:smoker":12,"minecraft:soul_fire":13,"minecraft:deepslate_tile_slab":1,"minecraft:torch":25,"minecraft:note_block":7,"minecraft:blast_furnace":5,"minecraft:melon":6,"minecraft:glass":17,"minecraft:sugar_cane":16,"minecraft:damaged_anvil":10,"minecraft:amethyst_block":3,"minecraft:wheat":41,"minecraft:black_bed":2,"minecraft:stone_brick_stairs":1,"minecraft:grass":25,"minecraft:oak_fence_gate":2,"minecraft:loom":1,"minecraft:red_mushroom_block":183,"minecraft:stonecutter":13,"minecraft:piston":14,"minecraft:deepslate":184,"minecraft:deepslate_tiles":17,"minecraft:mossy_cobblestone":5,"minecraft:dark_oak_log":71,"minecraft:sea_lantern":2,"minecraft:cobbled_deepslate_slab":16,"minecraft:redstone_wire":4,"minecraft:moss_block":2,"minecraft:red_mushroom":11,"minecraft:kelp":25,"minecraft:andesite":3,"minecraft:potatoes":9,"minecraft:cobblestone_slab":89,"minecraft:rail":122,"minecraft:bamboo":27,"minecraft:bone_block":41,"minecraft:white_wool":2,"minecraft:oak_slab":114,"minecraft:soul_sand":41,"minecraft:observer":6,"minecraft:campfire":3,"minecraft:tall_grass":2,"minecraft:deepslate_gold_ore":26,"minecraft:diorite":6,"minecraft:spruce_log":375,"minecraft:mycelium":1030,"minecraft:gravel":68,"minecraft:dripstone_block":9,"minecraft:cobweb":20,"minecraft:acacia_planks":5,"minecraft:chipped_anvil":1,"minecraft:iron_trapdoor":2,"minecraft:fern":25,"minecraft:spruce_planks":19,"minecraft:cobbled_deepslate_stairs":6,"minecraft:cobblestone_stairs":17,"minecraft:brewing_stand":3,"minecraft:spruce_trapdoor":3,"minecraft:grass_block":203,"minecraft:soul_soil":16,"minecraft:anvil":1,"minecraft:pointed_dripstone":4,"minecraft:flowering_azalea_leaves":6,"minecraft:azalea_leaves":21,"minecraft:spruce_slab":11,"minecraft:deepslate_redstone_ore":18,"minecraft:blackstone":11,"minecraft:clay":45,"minecraft:poppy":1,"minecraft:chest":92,"minecraft:mushroom_stem":35,"minecraft:nether_quartz_ore":12,"minecraft:cobblestone":2199,"minecraft:grindstone":13,"minecraft:oak_planks":57,"minecraft:wall_torch":26,"minecraft:cauldron":3,"minecraft:seagrass":4,"minecraft:powered_rail":1,"minecraft:oak_log":152,"minecraft:sand":136,"minecraft:dirt":480,"minecraft:netherrack":35,"minecraft:oak_leaves":245,"minecraft:crying_obsidian":1,"minecraft:tuff":14,"minecraft:deepslate_diamond_ore":9,"minecraft:oak_door":5,"minecraft:glow_lichen":2,"minecraft:lever":1,"minecraft:ladder":7,"minecraft:brown_mushroom_block":34,"minecraft:spruce_leaves":416,"minecraft:rooted_dirt":4,"minecraft:large_fern":14,"minecraft:oak_trapdoor":28,"minecraft:furnace":12,"minecraft:heavy_weighted_pressure_plate":2,"minecraft:carrots":41,"minecraft:stripped_spruce_log":2,"minecraft:gold_block":1,"minecraft:bookshelf":47,"minecraft:deepslate_iron_ore":34,"minecraft:lantern":7,"minecraft:stone":2412,"minecraft:redstone_wall_torch":6,"minecraft:podzol":176,"minecraft:acacia_leaves":9,"minecraft:scaffolding":353,"minecraft:basalt":80,"minecraft:spruce_door":5,"minecraft:crafting_table":16,"minecraft:oak_fence":19,"minecraft:lectern":27,"minecraft:stone_slab":1,"minecraft:lily_pad":1,"minecraft:spruce_stairs":4,"minecraft:sea_pickle":2,"minecraft:sweet_berry_bush":17,"minecraft:coal_ore":71,"minecraft:flower_pot":1},"minecraft:crafted":{"minecraft:black_dye":3,"minecraft:smooth_stone":4,"minecraft:oak_sign":6,"minecraft:blaze_powder":8,"minecraft:chain":2,"minecraft:loom":1,"minecraft:lever":17,"minecraft:diamond_shovel":2,"minecraft:bookshelf":70,"minecraft:cooked_mutton":29,"minecraft:iron_bars":16,"minecraft:deepslate_brick_stairs":3,"minecraft:glass":108,"minecraft:gray_bed":1,"minecraft:flower_pot":21,"minecraft:deepslate":116,"minecraft:cooked_porkchop":10,"minecraft:diamond_axe":3,"minecraft:acacia_slab":12,"minecraft:spruce_door":6,"minecraft:smithing_table":1,"minecraft:campfire":3,"minecraft:polished_deepslate_slab":36,"minecraft:painting":2,"minecraft:lectern":2,"minecraft:stone_slab":6,"minecraft:iron_pickaxe":3,"minecraft:iron_block":5,"minecraft:gold_ingot":37,"minecraft:composter":2,"minecraft:spruce_fence_gate":6,"minecraft:iron_nugget":216,"minecraft:bone_meal":762,"minecraft:spruce_fence":24,"minecraft:white_carpet":18,"minecraft:lantern":25,"minecraft:spruce_stairs":12,"minecraft:ladder":9,"minecraft:spruce_slab":216,"minecraft:stone_pickaxe":3,"minecraft:cobbled_deepslate_stairs":8,"minecraft:deepslate_tile_wall":2,"minecraft:redstone_block":66,"minecraft:dark_oak_planks":368,"minecraft:coal_block":7,"minecraft:enchanting_table":1,"minecraft:deepslate_tiles":80,"minecraft:oak_fence_gate":2,"minecraft:oak_chest_boat":2,"minecraft:wooden_axe":2,"minecraft:oak_stairs":44,"minecraft:writable_book":1,"minecraft:iron_shovel":1,"minecraft:iron_leggings":2,"minecraft:deepslate_tile_stairs":23,"minecraft:armor_stand":2,"minecraft:white_bed":4,"minecraft:note_block":2,"minecraft:brick":64,"minecraft:grindstone":2,"minecraft:oak_planks":556,"minecraft:cobblestone_slab":186,"minecraft:barrel":33,"minecraft:dark_oak_boat":1,"minecraft:cooked_chicken":1,"minecraft:stone":37,"minecraft:heavy_weighted_pressure_plate":2,"minecraft:green_dye":2,"minecraft:hopper":8,"minecraft:bow":34,"minecraft:iron_boots":2,"minecraft:chest":67,"minecraft:oak_button":3,"minecraft:stone_hoe":1,"minecraft:oak_fence":3,"minecraft:smoker":3,"minecraft:oak_slab":252,"minecraft:item_frame":21,"minecraft:arrow":4,"minecraft:cauldron":2,"minecraft:crafting_table":7,"minecraft:spruce_planks":1480,"minecraft:wooden_pickaxe":1,"minecraft:baked_potato":22,"minecraft:iron_helmet":3,"minecraft:gold_block":20,"minecraft:dispenser":1,"minecraft:spruce_trapdoor":38,"minecraft:book":45,"minecraft:iron_chestplate":2,"minecraft:paper":108,"minecraft:diamond_pickaxe":4,"minecraft:shield":3,"minecraft:stick":520,"minecraft:iron_ingot":53,"minecraft:stone_sword":2,"minecraft:black_bed":1,"minecraft:redstone_torch":8,"minecraft:deepslate_bricks":412,"minecraft:shears":2,"minecraft:green_carpet":16,"minecraft:deepslate_tile_slab":96,"minecraft:cobbled_deepslate_slab":12,"minecraft:wooden_sword":2,"minecraft:oak_door":3,"minecraft:redstone":1080,"minecraft:fishing_rod":38,"minecraft:spruce_button":10,"minecraft:furnace":4,"minecraft:blast_furnace":1,"minecraft:piston":6,"minecraft:dark_oak_trapdoor":64,"minecraft:gray_dye":2,"minecraft:oak_trapdoor":6,"minecraft:glass_pane":32,"minecraft:scaffolding":288,"minecraft:polished_deepslate":432,"minecraft:iron_axe":2,"minecraft:iron_hoe":1,"minecraft:minecart":3,"minecraft:observer":10,"minecraft:cooked_beef":24,"minecraft:cooked_cod":66,"minecraft:bone_block":40,"minecraft:diamond_sword":3,"minecraft:iron_trapdoor":2,"minecraft:cooked_salmon":65,"minecraft:bucket":5,"minecraft:air":0,"minecraft:acacia_boat":1,"minecraft:oak_boat":3,"minecraft:white_wool":17,"minecraft:white_dye":2,"minecraft:stonecutter":2,"minecraft:anvil":1,"minecraft:torch":100,"minecraft:acacia_planks":136,"minecraft:lapis_lazuli":441,"minecraft:lapis_block":50}},"DataVersion":3105}